frame,low,high,state,experiment,setup,trial
"[[[-2.970e+02 +189.j -2.530e+02 +631.j  2.064e+03 +788.j
    1.458e+03+1278.j]
  [-7.870e+02  +78.j -5.370e+02 +387.j  1.976e+03 +888.j
    1.382e+03+1485.j]
  [-1.179e+03  +56.j -7.800e+02 +147.j  1.751e+03 +932.j
    1.244e+03+1547.j]
  ...
  [-1.300e+01 -107.j -3.910e+02 -194.j -5.500e+01 +201.j
    3.470e+02 +554.j]
  [ 6.000e+00 -187.j -4.500e+02 -354.j -1.000e+01 +157.j
    2.530e+02 +601.j]
  [ 8.000e+00 -268.j -4.960e+02 -554.j  1.200e+01 +117.j
    1.320e+02 +496.j]]

 [[-3.620e+02 +174.j -2.570e+02 +598.j  2.076e+03 +809.j
    1.458e+03+1299.j]
  [-8.190e+02 +103.j -5.530e+02 +378.j  1.940e+03 +866.j
    1.372e+03+1496.j]
  [-1.173e+03  +57.j -8.160e+02 +114.j  1.747e+03 +934.j
    1.249e+03+1544.j]
  ...
  [-1.600e+01 -124.j -3.800e+02 -190.j -5.200e+01 +214.j
    3.660e+02 +578.j]
  [ 1.000e+00 -150.j -4.640e+02 -382.j -2.100e+01 +155.j
    2.610e+02 +561.j]
  [ 4.000e+00 -253.j -5.040e+02 -571.j  0.000e+00  +99.j
    1.310e+02 +469.j]]

 [[-3.340e+02 +162.j -2.370e+02 +613.j  2.067e+03 +800.j
    1.463e+03+1299.j]
  [-8.150e+02 +103.j -5.510e+02 +363.j  1.964e+03 +872.j
    1.380e+03+1488.j]
  [-1.178e+03  +70.j -8.160e+02 +110.j  1.759e+03 +940.j
    1.248e+03+1564.j]
  ...
  [-2.000e+01 -117.j -3.910e+02 -233.j -5.000e+01 +221.j
    3.490e+02 +577.j]
  [ 9.000e+00 -175.j -4.660e+02 -382.j -1.200e+01 +154.j
    2.620e+02 +566.j]
  [ 5.000e+00 -262.j -5.110e+02 -593.j  6.000e+00  +75.j
    1.230e+02 +469.j]]

 ...

 [[-3.620e+02 +166.j -2.620e+02 +602.j  2.067e+03 +824.j
    1.462e+03+1300.j]
  [-8.510e+02  +71.j -5.780e+02 +327.j  1.955e+03 +878.j
    1.394e+03+1517.j]
  [-1.216e+03  +34.j -8.320e+02  +93.j  1.729e+03 +931.j
    1.247e+03+1572.j]
  ...
  [-1.600e+01 -126.j -3.920e+02 -195.j -5.200e+01 +190.j
    3.350e+02 +595.j]
  [ 4.000e+00 -184.j -4.790e+02 -384.j -3.700e+01 +156.j
    2.420e+02 +573.j]
  [ 2.000e+01 -281.j -5.100e+02 -607.j -1.000e+00  +80.j
    1.160e+02 +487.j]]

 [[-3.820e+02 +151.j -2.630e+02 +594.j  2.064e+03 +796.j
    1.463e+03+1310.j]
  [-8.630e+02  +98.j -5.640e+02 +342.j  1.951e+03 +871.j
    1.411e+03+1505.j]
  [-1.216e+03  +31.j -8.510e+02  +75.j  1.727e+03 +931.j
    1.251e+03+1571.j]
  ...
  [-2.900e+01 -124.j -3.910e+02 -233.j -4.000e+01 +199.j
    3.330e+02 +584.j]
  [ 1.900e+01 -179.j -4.820e+02 -427.j -9.000e+00 +153.j
    2.210e+02 +560.j]
  [ 1.400e+01 -284.j -5.050e+02 -600.j -1.300e+01  +97.j
    1.050e+02 +472.j]]

 [[-3.840e+02 +155.j -2.970e+02 +568.j  2.060e+03 +790.j
    1.483e+03+1315.j]
  [-8.450e+02  +77.j -5.970e+02 +328.j  1.941e+03 +877.j
    1.383e+03+1503.j]
  [-1.224e+03  +43.j -8.530e+02  +91.j  1.725e+03 +942.j
    1.244e+03+1574.j]
  ...
  [-1.000e+01  -98.j -3.870e+02 -228.j -6.200e+01 +191.j
    3.220e+02 +593.j]
  [ 2.300e+01 -181.j -4.640e+02 -411.j -1.900e+01 +157.j
    2.440e+02 +578.j]
  [ 4.100e+01 -270.j -5.020e+02 -609.j -1.500e+01  +73.j
    1.060e+02 +498.j]]]",0.52,1.2,FULL,FINDING THRESHOLD,BOX ON BOX ON THE FLOOR,0001
"[[[-484. -278.j -224.  +16.j 1589.+1672.j 1575.+1831.j]
  [-749. -630.j -645. -282.j 1384.+1551.j 1495.+1860.j]
  [-955. -874.j -963. -578.j 1207.+1355.j 1344.+1831.j]
  ...
  [-160. -341.j -391. -119.j -409. -116.j -384.  +82.j]
  [ -39. -370.j -285. -238.j -436. -268.j -427.  +88.j]
  [ 128. -305.j -116. -330.j -442. -486.j -468.  +91.j]]

 [[-510. -313.j -230.   +4.j 1583.+1687.j 1565.+1806.j]
  [-768. -628.j -660. -296.j 1376.+1564.j 1504.+1872.j]
  [-945. -874.j -964. -579.j 1200.+1364.j 1333.+1804.j]
  ...
  [-139. -313.j -398. -129.j -378. -120.j -371.  +59.j]
  [ -39. -373.j -273. -221.j -432. -286.j -432. +131.j]
  [ 109. -328.j -114. -299.j -443. -483.j -467. +123.j]]

 [[-511. -303.j -234.   +6.j 1591.+1676.j 1557.+1801.j]
  [-750. -646.j -650. -308.j 1377.+1565.j 1516.+1858.j]
  [-952. -882.j -970. -580.j 1193.+1366.j 1312.+1800.j]
  ...
  [-140. -318.j -389. -136.j -387. -107.j -368.  +76.j]
  [ -21. -367.j -285. -223.j -441. -298.j -443. +148.j]
  [ 117. -326.j -111. -308.j -443. -484.j -472. +112.j]]

 ...

 [[-495. -314.j -241.   +4.j 1609.+1676.j 1565.+1829.j]
  [-783. -644.j -648. -314.j 1369.+1548.j 1504.+1849.j]
  [-952. -877.j -948. -587.j 1201.+1364.j 1316.+1805.j]
  ...
  [-141. -326.j -393. -119.j -391. -131.j -385. +103.j]
  [ -30. -371.j -290. -240.j -439. -280.j -440. +143.j]
  [ 119. -329.j -108. -310.j -446. -475.j -476. +141.j]]

 [[-517. -322.j -249.  +11.j 1590.+1673.j 1550.+1847.j]
  [-772. -648.j -654. -311.j 1368.+1540.j 1494.+1840.j]
  [-936. -876.j -965. -611.j 1203.+1342.j 1306.+1798.j]
  ...
  [-138. -320.j -402. -135.j -391. -124.j -382.  +52.j]
  [ -20. -372.j -280. -230.j -429. -277.j -439. +123.j]
  [ 114. -315.j -107. -316.j -432. -472.j -472. +110.j]]

 [[-510. -313.j -244.   +5.j 1576.+1680.j 1568.+1814.j]
  [-778. -660.j -679. -319.j 1368.+1528.j 1489.+1842.j]
  [-968. -879.j -955. -598.j 1176.+1330.j 1321.+1799.j]
  ...
  [-124. -321.j -396. -115.j -407. -126.j -365. +107.j]
  [ -22. -381.j -291. -238.j -439. -292.j -435. +137.j]
  [ 123. -328.j  -95. -290.j -440. -482.j -467. +123.j]]]",0.52,1.2,FULL,FINDING THRESHOLD,BOX ON BOX ON THE FLOOR,0001
"[[[ -451.  -67.j  -523. +206.j  1686.+1718.j  1814.+2272.j]
  [ -740. -389.j  -944. -244.j  1456.+1647.j  1573.+2247.j]
  [ -910. -666.j -1195. -669.j  1282.+1560.j  1299.+2125.j]
  ...
  [ -310.  +14.j  -414. -264.j  -213. -271.j    62. +304.j]
  [ -206.  +49.j  -411. -390.j  -258. -277.j   -22. +263.j]
  [ -109. +105.j  -374. -467.j  -316. -254.j   -91. +214.j]]

 [[ -458.  -64.j  -531. +190.j  1680.+1725.j  1836.+2291.j]
  [ -744. -409.j  -959. -271.j  1439.+1647.j  1573.+2242.j]
  [ -934. -672.j -1226. -694.j  1270.+1566.j  1271.+2132.j]
  ...
  [ -305.  +35.j  -417. -257.j  -215. -273.j    81. +309.j]
  [ -228.  +65.j  -393. -399.j  -264. -278.j   -14. +261.j]
  [ -106. +114.j  -379. -478.j  -300. -259.j   -76. +181.j]]

 [[ -451. -102.j  -543. +174.j  1686.+1709.j  1814.+2288.j]
  [ -764. -447.j  -989. -296.j  1436.+1652.j  1561.+2220.j]
  [ -934. -670.j -1235. -710.j  1267.+1534.j  1271.+2116.j]
  ...
  [ -303.  +30.j  -404. -257.j  -238. -281.j    64. +321.j]
  [ -226.  +65.j  -382. -392.j  -274. -283.j   -44. +252.j]
  [ -117.  +83.j  -378. -486.j  -302. -282.j   -83. +227.j]]

 ...

 [[ -508. -120.j  -606. +103.j  1662.+1716.j  1808.+2276.j]
  [ -800. -480.j -1022. -348.j  1409.+1617.j  1548.+2227.j]
  [ -989. -746.j -1264. -765.j  1220.+1521.j  1243.+2094.j]
  ...
  [ -310.  +24.j  -409. -277.j  -220. -281.j    44. +317.j]
  [ -214.  +66.j  -386. -406.j  -290. -297.j   -37. +260.j]
  [  -90. +119.j  -376. -476.j  -310. -259.j   -86. +179.j]]

 [[ -528. -150.j  -627.  +82.j  1650.+1702.j  1795.+2285.j]
  [ -825. -504.j -1035. -384.j  1393.+1618.j  1525.+2223.j]
  [-1008. -741.j -1265. -792.j  1207.+1503.j  1227.+2085.j]
  ...
  [ -286.  +43.j  -406. -267.j  -237. -300.j    48. +291.j]
  [ -218.  +60.j  -383. -370.j  -274. -263.j   -35. +248.j]
  [  -95. +117.j  -374. -465.j  -310. -255.j  -102. +168.j]]

 [[ -549. -182.j  -642.  +40.j  1654.+1693.j  1800.+2290.j]
  [ -841. -511.j -1045. -398.j  1380.+1602.j  1506.+2221.j]
  [ -986. -737.j -1267. -801.j  1201.+1508.j  1237.+2072.j]
  ...
  [ -284.  +46.j  -406. -290.j  -225. -282.j    42. +279.j]
  [ -224.  +67.j  -390. -388.j  -296. -287.j   -58. +219.j]
  [  -70.  +98.j  -367. -477.j  -314. -228.j  -110. +164.j]]]",0.52,1.2,FULL,FINDING THRESHOLD,BOX ON BOX ON THE FLOOR,0001
"[[[ -780.-6.160e+02j -1088.-1.234e+03j  -714.-5.100e+01j
    -224.+5.150e+02j]
  [ -642.-6.450e+02j -1083.-1.251e+03j  -815.-1.590e+02j
    -430.+3.620e+02j]
  [ -557.-6.650e+02j  -991.-1.345e+03j  -929.-3.000e+02j
    -620.+1.650e+02j]
  ...
  [ -107.+2.270e+02j  -293.-1.600e+01j   378.-9.800e+01j
     482.-1.820e+02j]
  [ -171.+2.760e+02j  -381.-1.000e+00j   329.-5.600e+01j
     403.-9.200e+01j]
  [ -197.+2.420e+02j  -463.-1.600e+01j   263.+4.600e+01j
     337.+1.000e+00j]]

 [[ -789.-5.940e+02j -1099.-1.225e+03j  -711.-2.600e+01j
    -239.+5.390e+02j]
  [ -636.-6.450e+02j -1073.-1.267e+03j  -812.-1.620e+02j
    -426.+3.720e+02j]
  [ -537.-6.700e+02j -1002.-1.352e+03j  -918.-2.950e+02j
    -611.+1.800e+02j]
  ...
  [  -94.+2.330e+02j  -271.-2.500e+01j   349.-1.270e+02j
     480.-1.460e+02j]
  [ -153.+2.500e+02j  -370.+2.600e+01j   331.-6.300e+01j
     414.-7.100e+01j]
  [ -198.+2.340e+02j  -479.-2.700e+01j   284.+5.300e+01j
     347.+3.000e+00j]]

 [[ -813.-6.230e+02j -1082.-1.213e+03j  -695.-3.900e+01j
    -207.+5.290e+02j]
  [ -667.-6.550e+02j -1096.-1.283e+03j  -812.-1.400e+02j
    -400.+3.940e+02j]
  [ -547.-6.730e+02j -1005.-1.340e+03j  -933.-3.030e+02j
    -586.+1.920e+02j]
  ...
  [  -95.+2.230e+02j  -264.-2.600e+01j   359.-1.270e+02j
     475.-1.420e+02j]
  [ -152.+2.600e+02j  -386.+4.000e+00j   294.-6.900e+01j
     423.-8.700e+01j]
  [ -193.+2.350e+02j  -452.-9.000e+00j   264.+5.500e+01j
     331.+5.000e+00j]]

 ...

 [[ -811.-6.350e+02j -1105.-1.216e+03j  -673.-1.700e+01j
    -197.+5.790e+02j]
  [ -700.-6.570e+02j -1087.-1.268e+03j  -773.-1.260e+02j
    -386.+4.240e+02j]
  [ -564.-6.850e+02j -1023.-1.368e+03j  -906.-2.880e+02j
    -548.+2.150e+02j]
  ...
  [  -93.+2.380e+02j  -242.-2.600e+01j   374.-9.000e+01j
     501.-2.030e+02j]
  [ -146.+2.860e+02j  -372.+2.000e+01j   334.-4.500e+01j
     420.-9.400e+01j]
  [ -187.+2.470e+02j  -468.-1.500e+01j   274.+4.000e+01j
     352.-4.000e+01j]]

 [[ -821.-6.130e+02j -1089.-1.232e+03j  -646.-1.400e+01j
    -192.+5.750e+02j]
  [ -702.-6.780e+02j -1082.-1.282e+03j  -780.-1.290e+02j
    -396.+4.390e+02j]
  [ -582.-6.860e+02j -1007.-1.347e+03j  -910.-2.690e+02j
    -569.+2.220e+02j]
  ...
  [  -78.+2.400e+02j  -258.-5.000e+01j   376.-1.200e+02j
     487.-1.720e+02j]
  [ -155.+2.900e+02j  -366.+8.000e+00j   334.-4.400e+01j
     426.-9.800e+01j]
  [ -189.+2.270e+02j  -467.-9.000e+00j   282.+4.100e+01j
     365.+1.400e+01j]]

 [[ -834.-5.950e+02j -1095.-1.215e+03j  -646.-1.600e+01j
    -187.+5.900e+02j]
  [ -691.-6.890e+02j -1079.-1.274e+03j  -777.-1.040e+02j
    -387.+4.190e+02j]
  [ -609.-6.890e+02j -1029.-1.350e+03j  -901.-2.710e+02j
    -558.+2.360e+02j]
  ...
  [  -78.+2.230e+02j  -251.-7.000e+00j   378.-1.070e+02j
     487.-1.700e+02j]
  [ -137.+2.760e+02j  -354.+3.700e+01j   340.-3.100e+01j
     444.-1.180e+02j]
  [ -178.+2.370e+02j  -447.-1.900e+01j   281.+3.200e+01j
     378.-9.000e+00j]]]",0.52,1.2,FULL,FINDING THRESHOLD,BOX ON BOX ON THE FLOOR,0001
"[[[ 1.029e+03+217.j  7.100e+02+533.j  5.310e+02+228.j -2.670e+02-356.j]
  [ 8.630e+02+172.j  7.800e+02+613.j  6.260e+02+155.j -8.300e+01-246.j]
  [ 8.040e+02+194.j  7.900e+02+675.j  6.930e+02 +61.j  1.230e+02-133.j]
  ...
  [ 2.720e+02+158.j -5.700e+01-118.j -4.400e+01-221.j -1.590e+02-378.j]
  [ 3.090e+02+151.j  1.900e+01  +6.j  1.600e+01-246.j -1.730e+02-322.j]
  [ 3.460e+02+197.j  1.100e+02 +67.j  7.600e+01-245.j -1.900e+02-255.j]]

 [[ 1.020e+03+204.j  7.160e+02+542.j  5.600e+02+234.j -2.790e+02-340.j]
  [ 8.610e+02+163.j  7.800e+02+634.j  6.310e+02+153.j -6.200e+01-230.j]
  [ 8.010e+02+187.j  7.630e+02+696.j  7.190e+02 +58.j  1.330e+02 -99.j]
  ...
  [ 2.810e+02+151.j -5.800e+01-100.j -4.200e+01-225.j -1.470e+02-373.j]
  [ 3.280e+02+151.j  1.000e+00  -7.j  3.800e+01-262.j -1.790e+02-352.j]
  [ 3.300e+02+206.j  1.140e+02 +80.j  9.700e+01-251.j -1.760e+02-267.j]]

 [[ 1.008e+03+209.j  7.410e+02+557.j  5.400e+02+251.j -2.690e+02-341.j]
  [ 8.690e+02+194.j  7.830e+02+636.j  6.390e+02+186.j -5.900e+01-234.j]
  [ 8.130e+02+172.j  7.750e+02+719.j  7.180e+02 +59.j  1.420e+02-111.j]
  ...
  [ 2.950e+02+137.j -4.400e+01-103.j -9.000e+00-230.j -1.650e+02-389.j]
  [ 3.060e+02+187.j  1.700e+01 -25.j  5.500e+01-245.j -1.660e+02-339.j]
  [ 3.480e+02+190.j  1.180e+02 +74.j  8.500e+01-223.j -1.650e+02-286.j]]

 ...

 [[ 1.005e+03+203.j  7.430e+02+558.j  5.910e+02+245.j -2.160e+02-324.j]
  [ 8.310e+02+177.j  7.750e+02+661.j  6.730e+02+169.j -3.400e+01-214.j]
  [ 7.660e+02+166.j  7.720e+02+711.j  7.230e+02 +81.j  1.670e+02 -79.j]
  ...
  [ 2.850e+02+142.j -5.900e+01 -60.j -2.000e+01-216.j -1.640e+02-371.j]
  [ 3.220e+02+161.j  1.900e+01  -5.j  5.400e+01-254.j -1.560e+02-305.j]
  [ 3.310e+02+203.j  1.220e+02 +65.j  7.900e+01-240.j -1.650e+02-250.j]]

 [[ 9.860e+02+201.j  7.360e+02+578.j  6.010e+02+272.j -2.260e+02-300.j]
  [ 8.250e+02+160.j  7.910e+02+637.j  6.740e+02+149.j -2.700e+01-203.j]
  [ 7.610e+02+184.j  7.750e+02+715.j  7.360e+02 +51.j  1.980e+02 -78.j]
  ...
  [ 2.860e+02+146.j -5.400e+01 -50.j  3.000e+00-220.j -1.350e+02-405.j]
  [ 2.950e+02+155.j  3.000e+01 +25.j  4.300e+01-244.j -1.810e+02-311.j]
  [ 3.300e+02+194.j  1.260e+02 +90.j  1.100e+02-234.j -2.050e+02-262.j]]

 [[ 9.800e+02+196.j  7.380e+02+590.j  5.900e+02+256.j -2.110e+02-304.j]
  [ 8.330e+02+145.j  7.860e+02+649.j  6.760e+02+144.j -3.900e+01-195.j]
  [ 7.770e+02+195.j  7.930e+02+709.j  7.450e+02 +57.j  1.840e+02 -57.j]
  ...
  [ 2.850e+02+143.j -3.600e+01 -91.j -3.000e+00-213.j -1.650e+02-384.j]
  [ 2.980e+02+163.j  3.100e+01 +10.j  5.400e+01-245.j -1.660e+02-335.j]
  [ 3.330e+02+216.j  1.240e+02 +85.j  9.500e+01-241.j -1.680e+02-256.j]]]",0.52,1.2,FULL,FINDING THRESHOLD,BOX ON BOX ON THE FLOOR,0001
"[[[ 785.+7.620e+02j  622.+1.040e+03j 1257.+9.800e+02j  738.+8.520e+02j]
  [ 477.+5.790e+02j  446.+8.820e+02j 1374.+1.025e+03j  813.+1.012e+03j]
  [ 206.+4.190e+02j  390.+7.140e+02j 1403.+1.060e+03j  853.+1.145e+03j]
  ...
  [ 484.+2.570e+02j  367.-3.300e+01j  177.-2.700e+02j  169.-2.590e+02j]
  [ 481.+2.760e+02j  314.+1.300e+01j  294.-2.700e+02j  230.-2.590e+02j]
  [ 346.+3.510e+02j  263.+3.300e+01j  396.-2.280e+02j  252.-2.860e+02j]]

 [[ 805.+7.940e+02j  620.+1.028e+03j 1240.+9.750e+02j  746.+8.450e+02j]
  [ 492.+5.890e+02j  447.+8.830e+02j 1372.+1.019e+03j  807.+9.860e+02j]
  [ 229.+4.290e+02j  355.+7.340e+02j 1421.+1.073e+03j  874.+1.121e+03j]
  ...
  [ 531.+2.580e+02j  377.+1.000e+00j  180.-2.420e+02j  148.-2.690e+02j]
  [ 477.+2.830e+02j  314.+3.000e+00j  297.-2.810e+02j  237.-2.590e+02j]
  [ 366.+3.530e+02j  280.+2.700e+01j  388.-2.490e+02j  273.-2.930e+02j]]

 [[ 789.+7.830e+02j  628.+1.052e+03j 1255.+9.650e+02j  757.+8.400e+02j]
  [ 493.+5.870e+02j  440.+8.890e+02j 1359.+1.027e+03j  810.+1.004e+03j]
  [ 202.+4.230e+02j  376.+7.250e+02j 1420.+1.074e+03j  859.+1.140e+03j]
  ...
  [ 497.+2.280e+02j  369.-3.000e+00j  178.-2.540e+02j  166.-2.550e+02j]
  [ 474.+2.820e+02j  322.+0.000e+00j  304.-2.740e+02j  241.-2.820e+02j]
  [ 383.+3.340e+02j  287.+3.500e+01j  398.-2.540e+02j  275.-2.690e+02j]]

 ...

 [[ 796.+7.970e+02j  659.+1.037e+03j 1235.+9.620e+02j  767.+8.570e+02j]
  [ 494.+5.960e+02j  428.+8.790e+02j 1376.+1.029e+03j  797.+9.710e+02j]
  [ 212.+4.420e+02j  388.+7.310e+02j 1425.+1.089e+03j  857.+1.140e+03j]
  ...
  [ 490.+2.250e+02j  371.+1.000e+00j  197.-2.570e+02j  158.-2.380e+02j]
  [ 476.+2.860e+02j  319.-1.900e+01j  292.-2.850e+02j  227.-2.600e+02j]
  [ 365.+3.550e+02j  292.+3.500e+01j  382.-2.580e+02j  288.-2.840e+02j]]

 [[ 809.+8.100e+02j  620.+1.059e+03j 1244.+9.890e+02j  747.+8.220e+02j]
  [ 509.+6.160e+02j  433.+8.870e+02j 1366.+1.008e+03j  790.+9.760e+02j]
  [ 227.+4.400e+02j  385.+7.270e+02j 1422.+1.072e+03j  845.+1.138e+03j]
  ...
  [ 502.+2.230e+02j  339.-1.100e+01j  173.-2.510e+02j  156.-2.620e+02j]
  [ 465.+2.870e+02j  321.-2.100e+01j  304.-2.780e+02j  229.-2.580e+02j]
  [ 383.+3.370e+02j  293.+3.500e+01j  387.-2.560e+02j  274.-2.940e+02j]]

 [[ 820.+8.080e+02j  638.+1.066e+03j 1230.+9.640e+02j  733.+8.150e+02j]
  [ 517.+5.910e+02j  468.+8.750e+02j 1363.+1.016e+03j  805.+9.840e+02j]
  [ 213.+4.430e+02j  398.+7.240e+02j 1418.+1.068e+03j  863.+1.123e+03j]
  ...
  [ 515.+2.550e+02j  366.-2.800e+01j  175.-2.550e+02j  162.-2.690e+02j]
  [ 453.+2.780e+02j  330.-1.000e+01j  308.-2.840e+02j  198.-2.520e+02j]
  [ 372.+3.470e+02j  289.+2.300e+01j  392.-2.450e+02j  249.-2.980e+02j]]]",0.52,1.2,FULL,FINDING THRESHOLD,BOX ON BOX ON THE FLOOR,0001
"[[[ 373. +380.j  -29. +696.j  633. +640.j  418.+1248.j]
  [ 310. +299.j  -46. +462.j  742. +674.j  357.+1288.j]
  [ 132. +212.j  -46. +308.j  897. +767.j  436.+1411.j]
  ...
  [ 281. -243.j  188. -423.j -193. -211.j  -57. -267.j]
  [ 383. -242.j  151. -335.j -118. -367.j    7. -406.j]
  [ 460. -162.j  149. -186.j   -9. -532.j   46. -478.j]]

 [[ 354. +369.j  -16. +728.j  635. +607.j  425.+1248.j]
  [ 321. +288.j  -79. +469.j  735. +683.j  368.+1292.j]
  [ 149. +239.j  -35. +306.j  907. +754.j  414.+1403.j]
  ...
  [ 286. -249.j  165. -435.j -180. -184.j  -71. -282.j]
  [ 378. -217.j  146. -317.j -127. -366.j   20. -420.j]
  [ 440. -163.j  128. -206.j   10. -488.j   42. -480.j]]

 [[ 380. +376.j  -25. +717.j  622. +635.j  423.+1235.j]
  [ 316. +280.j  -48. +464.j  729. +656.j  363.+1278.j]
  [ 147. +214.j  -25. +325.j  910. +755.j  418.+1390.j]
  ...
  [ 301. -252.j  168. -430.j -189. -218.j  -50. -283.j]
  [ 365. -237.j  148. -325.j -123. -371.j    7. -395.j]
  [ 456. -135.j  144. -207.j    0. -516.j   45. -478.j]]

 ...

 [[ 400. +389.j  -13. +757.j  622. +605.j  401.+1213.j]
  [ 337. +318.j  -35. +503.j  733. +648.j  353.+1250.j]
  [ 158. +239.j  -35. +359.j  903. +760.j  420.+1391.j]
  ...
  [ 276. -264.j  165. -436.j -206. -199.j  -59. -234.j]
  [ 357. -244.j  148. -335.j -124. -343.j   10. -404.j]
  [ 449. -167.j  139. -231.j  -14. -516.j   14. -453.j]]

 [[ 394. +403.j   -2. +753.j  598. +619.j  394.+1184.j]
  [ 342. +328.j  -16. +527.j  723. +658.j  348.+1265.j]
  [ 178. +242.j  -13. +370.j  917. +778.j  411.+1374.j]
  ...
  [ 272. -257.j  156. -427.j -222. -172.j  -54. -277.j]
  [ 353. -248.j  152. -347.j -128. -364.j    9. -413.j]
  [ 455. -166.j  143. -226.j   -3. -495.j   18. -481.j]]

 [[ 407. +414.j   14. +790.j  618. +628.j  408.+1187.j]
  [ 357. +317.j  -25. +541.j  727. +648.j  358.+1269.j]
  [ 176. +258.j  -12. +368.j  898. +753.j  420.+1382.j]
  ...
  [ 249. -234.j  165. -462.j -213. -186.j  -57. -289.j]
  [ 344. -252.j  137. -329.j -123. -342.j   15. -429.j]
  [ 453. -165.j  141. -222.j   -5. -490.j    7. -476.j]]]",0.52,1.2,FULL,FINDING THRESHOLD,BOX ON BOX ON THE FLOOR,0001
"[[[-717. -455.j -968.-1681.j -292. -354.j -218. -145.j]
  [-700. -463.j -946.-1599.j -545. -432.j -419. -492.j]
  [-594. -509.j -913.-1430.j -873. -659.j -671. -875.j]
  ...
  [ -79. +242.j -172. -230.j   95. -385.j  193.  -95.j]
  [ -44. +332.j -227. -291.j  111. -345.j  145.  -88.j]
  [ -80. +443.j -257. -292.j  102. -235.j   65. -119.j]]

 [[-691. -473.j -967.-1685.j -287. -364.j -234. -132.j]
  [-684. -494.j -957.-1602.j -547. -426.j -415. -500.j]
  [-591. -488.j -911.-1405.j -872. -652.j -694. -883.j]
  ...
  [ -72. +219.j -202. -235.j   81. -385.j  193.  -89.j]
  [ -81. +334.j -214. -285.j   97. -344.j  148.  -98.j]
  [ -67. +444.j -254. -291.j   77. -235.j   63. -112.j]]

 [[-712. -474.j -955.-1677.j -300. -337.j -250. -140.j]
  [-694. -473.j -947.-1589.j -555. -419.j -433. -516.j]
  [-575. -497.j -925.-1422.j -884. -653.j -706. -910.j]
  ...
  [ -64. +231.j -189. -225.j   93. -379.j  183.  -90.j]
  [ -87. +322.j -228. -287.j   97. -347.j  137.  -75.j]
  [ -81. +431.j -221. -282.j   82. -242.j   59. -105.j]]

 ...

 [[-693. -469.j -965.-1689.j -294. -355.j -223. -150.j]
  [-691. -476.j -951.-1599.j -536. -434.j -415. -496.j]
  [-591. -488.j -908.-1435.j -877. -654.j -713. -898.j]
  ...
  [ -61. +212.j -170. -226.j   83. -368.j  195.  -95.j]
  [ -46. +322.j -236. -273.j   86. -345.j  132.  -54.j]
  [ -71. +448.j -252. -289.j   67. -248.j   42.  -94.j]]

 [[-700. -465.j -967.-1681.j -291. -359.j -223. -147.j]
  [-704. -480.j -958.-1597.j -529. -425.j -420. -501.j]
  [-574. -492.j -897.-1443.j -887. -648.j -693. -893.j]
  ...
  [ -86. +225.j -177. -253.j   93. -392.j  188. -100.j]
  [ -92. +338.j -233. -288.j   80. -331.j  137.  -87.j]
  [ -72. +430.j -248. -293.j   69. -233.j   57. -119.j]]

 [[-708. -465.j -965.-1694.j -296. -349.j -234. -142.j]
  [-698. -480.j -958.-1616.j -536. -422.j -400. -507.j]
  [-593. -496.j -912.-1435.j -877. -642.j -686. -892.j]
  ...
  [ -71. +222.j -204. -204.j   96. -368.j  192.  -91.j]
  [ -75. +346.j -223. -277.j   83. -326.j  137.  -99.j]
  [ -81. +438.j -255. -300.j   73. -242.j   55.  -70.j]]]",0.52,1.2,FULL,FINDING THRESHOLD,BOX ON BOX ON THE FLOOR,0001
"[[[ 300.+2.810e+02j  373.+6.520e+02j 1450.+1.404e+03j  994.+1.365e+03j]
  [  74.+8.000e+00j  214.+4.320e+02j 1461.+1.356e+03j 1060.+1.473e+03j]
  [-166.-1.750e+02j   57.+2.380e+02j 1512.+1.228e+03j 1186.+1.544e+03j]
  ...
  [  69.+4.430e+02j  158.+5.100e+01j  409.-1.100e+01j  331.+2.530e+02j]
  [ -18.+3.810e+02j  139.-6.800e+01j  393.+1.120e+02j  370.+2.560e+02j]
  [-113.+2.550e+02j  124.-1.240e+02j  357.+2.240e+02j  434.+2.290e+02j]]

 [[ 349.+2.780e+02j  390.+6.600e+02j 1467.+1.406e+03j 1000.+1.339e+03j]
  [  69.+0.000e+00j  223.+4.350e+02j 1470.+1.337e+03j 1067.+1.467e+03j]
  [-162.-1.810e+02j   66.+2.400e+02j 1529.+1.250e+03j 1185.+1.564e+03j]
  ...
  [  59.+4.370e+02j  139.+4.000e+01j  400.+0.000e+00j  323.+2.290e+02j]
  [ -32.+3.760e+02j  138.-5.100e+01j  399.+1.250e+02j  367.+2.110e+02j]
  [-104.+2.590e+02j  130.-1.200e+02j  359.+2.050e+02j  452.+2.070e+02j]]

 [[ 316.+2.640e+02j  378.+6.590e+02j 1463.+1.398e+03j 1014.+1.375e+03j]
  [  84.-4.000e+00j  212.+4.390e+02j 1457.+1.351e+03j 1053.+1.448e+03j]
  [-166.-1.560e+02j   77.+2.600e+02j 1520.+1.226e+03j 1178.+1.525e+03j]
  ...
  [  81.+4.480e+02j  161.+2.400e+01j  403.-2.000e+01j  306.+2.450e+02j]
  [ -50.+3.800e+02j  156.-5.000e+01j  390.+1.500e+02j  385.+2.350e+02j]
  [-111.+2.780e+02j  129.-1.360e+02j  349.+2.140e+02j  455.+2.400e+02j]]

 ...

 [[ 337.+2.950e+02j  407.+6.460e+02j 1447.+1.425e+03j 1013.+1.351e+03j]
  [  78.+0.000e+00j  216.+4.510e+02j 1482.+1.353e+03j 1066.+1.438e+03j]
  [-141.-1.500e+02j   82.+2.790e+02j 1520.+1.247e+03j 1171.+1.523e+03j]
  ...
  [  70.+4.450e+02j  150.+4.000e+00j  408.+1.000e+00j  313.+2.480e+02j]
  [ -38.+3.820e+02j  147.-4.000e+01j  407.+1.250e+02j  367.+2.200e+02j]
  [ -97.+2.760e+02j  115.-1.260e+02j  342.+2.100e+02j  454.+2.160e+02j]]

 [[ 353.+3.170e+02j  411.+6.940e+02j 1455.+1.409e+03j 1002.+1.341e+03j]
  [ 106.+1.800e+01j  255.+4.480e+02j 1462.+1.332e+03j 1069.+1.446e+03j]
  [-139.-1.600e+02j   74.+2.620e+02j 1529.+1.250e+03j 1186.+1.512e+03j]
  ...
  [  88.+4.340e+02j  173.+3.000e+01j  413.-2.300e+01j  311.+2.720e+02j]
  [ -28.+3.960e+02j  178.-5.000e+01j  407.+1.150e+02j  371.+2.640e+02j]
  [-106.+2.690e+02j  127.-1.300e+02j  365.+2.140e+02j  454.+2.400e+02j]]

 [[ 350.+3.140e+02j  407.+6.680e+02j 1456.+1.395e+03j  981.+1.306e+03j]
  [  91.+2.100e+01j  232.+4.580e+02j 1466.+1.339e+03j 1065.+1.449e+03j]
  [-132.-1.570e+02j  117.+2.580e+02j 1520.+1.231e+03j 1161.+1.520e+03j]
  ...
  [  70.+4.670e+02j  161.+4.300e+01j  404.-9.000e+00j  308.+2.050e+02j]
  [ -32.+3.800e+02j  154.-5.700e+01j  418.+1.170e+02j  379.+2.140e+02j]
  [-106.+2.850e+02j  129.-1.450e+02j  372.+2.120e+02j  450.+1.880e+02j]]]",0.52,1.2,FULL,FINDING THRESHOLD,BOX ON BOX ON THE FLOOR,0001
"[[[ 699. +880.j  177. +999.j  199. +280.j  329.  +55.j]
  [ 769. +915.j  198.+1040.j  396. +469.j  383. +273.j]
  [ 721. +899.j  202.+1087.j  686. +671.j  456. +552.j]
  ...
  [ 190. +126.j   88. +118.j  -71. -146.j  -93. -218.j]
  [ 262. +149.j  104. +149.j  -16. -190.j   18. -164.j]
  [ 343. +172.j  118. +162.j   62. -208.j   63.  -55.j]]

 [[ 703. +877.j  173. +997.j  195. +285.j  314.  +68.j]
  [ 750. +898.j  179.+1042.j  409. +456.j  341. +308.j]
  [ 713. +907.j  209.+1063.j  672. +649.j  457. +565.j]
  ...
  [ 191. +124.j   68. +123.j  -75. -157.j -103. -204.j]
  [ 255. +138.j  119. +152.j  -34. -193.j  -16. -157.j]
  [ 323. +183.j  120. +160.j   49. -217.j   63.  -43.j]]

 [[ 713. +885.j  165.+1001.j  196. +293.j  316.  +51.j]
  [ 761. +885.j  189.+1059.j  414. +450.j  364. +309.j]
  [ 736. +902.j  206.+1099.j  680. +663.j  465. +582.j]
  ...
  [ 174. +126.j   78. +124.j  -75. -154.j  -90. -202.j]
  [ 260. +155.j  112. +158.j  -29. -199.j    1. -143.j]
  [ 341. +193.j  117. +165.j   59. -217.j   64.  -31.j]]

 ...

 [[ 713. +878.j  184.+1006.j  196. +287.j  340.  +77.j]
  [ 749. +885.j  182.+1043.j  416. +464.j  354. +310.j]
  [ 715. +877.j  181.+1070.j  680. +662.j  455. +567.j]
  ...
  [ 187. +124.j   88. +126.j  -62. -166.j  -88. -194.j]
  [ 265. +134.j  120. +148.j  -23. -211.j  -17. -139.j]
  [ 332. +187.j  136. +188.j   72. -220.j   58.  -49.j]]

 [[ 719. +897.j  183.+1004.j  194. +306.j  329.  +72.j]
  [ 746. +898.j  190.+1049.j  438. +453.j  378. +304.j]
  [ 727. +879.j  179.+1081.j  699. +681.j  451. +581.j]
  ...
  [ 175. +114.j  103. +138.j  -84. -165.j  -91. -196.j]
  [ 282. +137.j  121. +144.j  -11. -199.j  -21. -130.j]
  [ 312. +197.j  133. +187.j   60. -204.j   69.  -48.j]]

 [[ 711. +883.j  181. +993.j  203. +283.j  315.  +68.j]
  [ 744. +905.j  203.+1032.j  428. +462.j  365. +299.j]
  [ 704. +890.j  227.+1083.j  680. +654.j  459. +567.j]
  ...
  [ 180. +115.j   98. +124.j  -69. -156.j  -93. -234.j]
  [ 260. +132.j  124. +164.j  -21. -206.j    3. -146.j]
  [ 315. +192.j  124. +154.j   55. -215.j   65.  -55.j]]]",0.52,1.2,FULL,FINDING THRESHOLD,BOX ON BOX ON THE FLOOR,0001
"[[[  613. +280.j  -259. -326.j -1345.-1086.j -1150.-1186.j]
  [  955. +547.j    26. -116.j -1200.-1047.j -1141.-1249.j]
  [ 1253. +835.j   327. +240.j  -911. -898.j -1071.-1302.j]
  ...
  [   19. +291.j   -14. -238.j   569.  -14.j   522. +163.j]
  [ -145. +242.j   -89. -301.j   552.  +40.j   523. +125.j]
  [ -314. +207.j  -153. -287.j   461.  +51.j   501.  +49.j]]

 [[  595. +266.j  -295. -332.j -1342.-1089.j -1156.-1184.j]
  [  961. +549.j    -9. -135.j -1202.-1067.j -1171.-1273.j]
  [ 1246. +825.j   334. +226.j  -899. -885.j -1101.-1308.j]
  ...
  [   38. +284.j    -6. -240.j   557.  -12.j   500. +179.j]
  [ -146. +238.j   -90. -270.j   566.  +54.j   507. +150.j]
  [ -319. +183.j  -166. -247.j   487.  +56.j   489.  +62.j]]

 [[  606. +249.j  -283. -328.j -1341.-1074.j -1146.-1204.j]
  [  936. +514.j   -12. -127.j -1207.-1051.j -1173.-1255.j]
  [ 1231. +817.j   312. +211.j  -929. -922.j -1099.-1323.j]
  ...
  [   42. +301.j   -12. -233.j   564.   -2.j   500. +182.j]
  [ -134. +220.j   -78. -246.j   561.  +58.j   497. +144.j]
  [ -307. +186.j  -158. -274.j   487.  +82.j   485.  +84.j]]

 ...

 [[  557. +207.j  -313. -378.j -1379.-1103.j -1154.-1194.j]
  [  916. +496.j   -32. -155.j -1237.-1065.j -1163.-1264.j]
  [ 1207. +794.j   282. +173.j  -943. -928.j -1096.-1327.j]
  ...
  [   40. +289.j   -15. -228.j   568.   -7.j   503. +173.j]
  [ -128. +220.j   -82. -265.j   543.  +39.j   491. +151.j]
  [ -302. +184.j  -152. -260.j   511.  +58.j   500.  +85.j]]

 [[  555. +192.j  -314. -382.j -1385.-1106.j -1167.-1198.j]
  [  910. +481.j   -34. -170.j -1242.-1086.j -1163.-1276.j]
  [ 1219. +785.j   276. +166.j  -956. -936.j -1115.-1312.j]
  ...
  [   33. +291.j    18. -209.j   557.  -10.j   496. +170.j]
  [ -145. +229.j   -77. -254.j   573.  +44.j   508. +115.j]
  [ -299. +203.j  -129. -251.j   496.  +67.j   498.  +93.j]]

 [[  547. +209.j  -313. -404.j -1368.-1121.j -1152.-1180.j]
  [  892. +457.j   -40. -190.j -1256.-1120.j -1187.-1278.j]
  [ 1194. +784.j   268. +152.j  -963. -933.j -1115.-1343.j]
  ...
  [   43. +282.j    20. -223.j   567.  -15.j   513. +170.j]
  [ -135. +235.j   -67. -267.j   573.  +36.j   501. +143.j]
  [ -285. +201.j  -155. -251.j   505.  +57.j   498.  +88.j]]]",0.52,1.2,FULL,FINDING THRESHOLD,BOX ON BOX ON THE FLOOR,0001
"[[[ 872.+1271.j   94.+1607.j -233. -462.j -757. -581.j]
  [ 850.+1316.j  251.+1681.j    2.  -90.j -557. -158.j]
  [ 772.+1253.j  325.+1679.j  252. +272.j -315. +335.j]
  ...
  [-154. -215.j -313. -630.j  414. -247.j  510. -148.j]
  [-276. -178.j -390. -602.j  373. -350.j  434. -326.j]
  [-340. -119.j -494. -575.j  269. -457.j  375. -476.j]]

 [[ 860.+1274.j  116.+1610.j -235. -456.j -748. -561.j]
  [ 836.+1294.j  243.+1652.j    9.  -77.j -547. -156.j]
  [ 777.+1255.j  317.+1692.j  243. +234.j -320. +333.j]
  ...
  [-170. -228.j -289. -632.j  420. -263.j  501. -167.j]
  [-260. -179.j -372. -602.j  369. -372.j  437. -348.j]
  [-337. -103.j -496. -576.j  259. -477.j  381. -462.j]]

 [[ 881.+1278.j  104.+1585.j -221. -468.j -735. -585.j]
  [ 853.+1311.j  253.+1675.j   19.  -94.j -552. -160.j]
  [ 753.+1248.j  327.+1692.j  259. +261.j -321. +346.j]
  ...
  [-172. -238.j -299. -631.j  411. -279.j  503. -113.j]
  [-258. -193.j -363. -610.j  369. -383.j  459. -288.j]
  [-346. -106.j -492. -583.j  251. -481.j  366. -454.j]]

 ...

 [[ 846.+1279.j  132.+1599.j -244. -466.j -730. -563.j]
  [ 858.+1291.j  255.+1666.j    9.  -73.j -552. -131.j]
  [ 757.+1255.j  327.+1692.j  257. +284.j -308. +332.j]
  ...
  [-158. -220.j -296. -626.j  424. -254.j  506. -143.j]
  [-257. -190.j -385. -610.j  363. -378.j  422. -293.j]
  [-336. -103.j -468. -571.j  260. -469.j  357. -443.j]]

 [[ 890.+1292.j  125.+1609.j -226. -461.j -756. -581.j]
  [ 849.+1287.j  239.+1680.j   -1.  -67.j -543. -159.j]
  [ 778.+1246.j  335.+1690.j  247. +240.j -305. +333.j]
  ...
  [-167. -214.j -303. -631.j  419. -248.j  514. -190.j]
  [-257. -189.j -382. -598.j  380. -371.j  434. -357.j]
  [-351.  -92.j -495. -582.j  282. -470.j  388. -489.j]]

 [[ 875.+1275.j  118.+1588.j -223. -465.j -753. -580.j]
  [ 858.+1308.j  259.+1657.j    7.  -60.j -551. -139.j]
  [ 788.+1265.j  340.+1723.j  247. +270.j -321. +355.j]
  ...
  [-161. -204.j -295. -642.j  431. -269.j  495. -148.j]
  [-264. -181.j -370. -601.j  363. -367.j  431. -322.j]
  [-347. -108.j -518. -574.j  274. -479.j  385. -462.j]]]",0.52,1.2,EMPTY,FINDING THRESHOLD,BOX ON BOX ON THE FLOOR,0001
"[[[1954.+1309.j 1309. +812.j -319. +683.j -237. +505.j]
  [1905.+1048.j 1281. +635.j   18. +956.j  216. +755.j]
  [1851. +793.j 1147. +467.j  352.+1144.j  556. +946.j]
  ...
  [ 419. +659.j  322. +122.j -497. -444.j -607. -566.j]
  [ 534. +716.j  497. +214.j -365. -342.j -517. -504.j]
  [ 587. +724.j  606. +282.j -298. -217.j -368. -424.j]]

 [[1948.+1302.j 1303. +798.j -346. +688.j -220. +524.j]
  [1889.+1063.j 1273. +653.j   47. +962.j  213. +763.j]
  [1857. +787.j 1136. +454.j  376.+1149.j  579. +951.j]
  ...
  [ 438. +663.j  326. +118.j -483. -462.j -624. -562.j]
  [ 525. +717.j  483. +196.j -388. -319.j -527. -481.j]
  [ 601. +722.j  616. +272.j -258. -242.j -378. -398.j]]

 [[1951.+1323.j 1340. +820.j -321. +699.j -216. +503.j]
  [1906.+1050.j 1276. +645.j   37. +967.j  224. +748.j]
  [1851. +779.j 1146. +454.j  374.+1150.j  584. +951.j]
  ...
  [ 419. +668.j  327. +117.j -492. -463.j -621. -573.j]
  [ 517. +698.j  514. +216.j -363. -330.j -541. -513.j]
  [ 591. +720.j  615. +280.j -294. -236.j -376. -426.j]]

 ...

 [[1955.+1306.j 1292. +823.j -297. +708.j -199. +516.j]
  [1912.+1041.j 1297. +640.j   62. +966.j  237. +744.j]
  [1854. +763.j 1129. +455.j  383.+1150.j  587. +962.j]
  ...
  [ 419. +648.j  326. +152.j -482. -453.j -613. -517.j]
  [ 538. +695.j  483. +227.j -350. -344.j -544. -469.j]
  [ 605. +685.j  621. +304.j -277. -228.j -374. -363.j]]

 [[1956.+1309.j 1306. +822.j -292. +694.j -217. +511.j]
  [1915.+1046.j 1281. +647.j   55. +975.j  239. +775.j]
  [1844. +779.j 1133. +473.j  394.+1143.j  589. +940.j]
  ...
  [ 443. +663.j  338. +145.j -484. -460.j -621. -534.j]
  [ 541. +697.j  500. +228.j -366. -315.j -522. -500.j]
  [ 584. +700.j  627. +285.j -279. -225.j -352. -347.j]]

 [[1965.+1314.j 1306. +830.j -306. +697.j -181. +527.j]
  [1907.+1063.j 1282. +652.j   74. +980.j  243. +763.j]
  [1843. +751.j 1156. +463.j  385.+1163.j  609. +952.j]
  ...
  [ 429. +659.j  323. +122.j -491. -453.j -612. -551.j]
  [ 536. +716.j  496. +202.j -378. -344.j -533. -512.j]
  [ 592. +707.j  617. +301.j -265. -211.j -356. -400.j]]]",0.52,1.2,EMPTY,FINDING THRESHOLD,BOX ON BOX ON THE FLOOR,0001
"[[[-816.-695.j -562.-741.j  681.+369.j  812.+697.j]
  [-948.-651.j -799.-869.j  423.+172.j  674.+572.j]
  [-976.-561.j -898.-917.j  115. -32.j  442.+397.j]
  ...
  [-210.-638.j -205.-329.j  370.+268.j  822.+610.j]
  [-230.-675.j -375.-468.j  306. +48.j  762.+564.j]
  [-244.-646.j -537.-638.j  224.-186.j  707.+502.j]]

 [[-825.-707.j -592.-757.j  689.+382.j  811.+694.j]
  [-925.-652.j -795.-861.j  398.+173.j  658.+543.j]
  [-953.-542.j -894.-891.j  107. -35.j  427.+377.j]
  ...
  [-207.-652.j -193.-315.j  370.+262.j  818.+631.j]
  [-252.-663.j -364.-484.j  312. +47.j  768.+560.j]
  [-240.-650.j -517.-642.j  207.-185.j  698.+485.j]]

 [[-820.-692.j -592.-746.j  683.+369.j  816.+689.j]
  [-926.-649.j -788.-864.j  407.+198.j  661.+567.j]
  [-957.-558.j -903.-911.j  102. -34.j  426.+380.j]
  ...
  [-207.-633.j -206.-305.j  354.+272.j  824.+607.j]
  [-243.-657.j -366.-490.j  321. +52.j  754.+561.j]
  [-249.-642.j -538.-638.j  197.-189.j  705.+508.j]]

 ...

 [[-836.-703.j -609.-760.j  663.+366.j  812.+690.j]
  [-953.-671.j -808.-874.j  370.+138.j  660.+559.j]
  [-952.-549.j -898.-919.j   87. -24.j  426.+371.j]
  ...
  [-221.-631.j -202.-329.j  355.+248.j  820.+624.j]
  [-252.-665.j -376.-491.j  301. +53.j  762.+541.j]
  [-259.-632.j -528.-653.j  202.-198.j  713.+488.j]]

 [[-828.-698.j -604.-756.j  688.+376.j  808.+705.j]
  [-947.-661.j -793.-893.j  379.+153.j  661.+543.j]
  [-958.-523.j -884.-892.j   83. -30.j  420.+360.j]
  ...
  [-206.-643.j -208.-344.j  363.+245.j  817.+601.j]
  [-274.-674.j -361.-475.j  291. +34.j  755.+593.j]
  [-245.-657.j -547.-676.j  191.-191.j  701.+492.j]]

 [[-834.-715.j -603.-753.j  679.+375.j  804.+696.j]
  [-961.-657.j -807.-880.j  385.+175.j  665.+545.j]
  [-967.-552.j -897.-902.j   94. -35.j  407.+376.j]
  ...
  [-215.-637.j -196.-337.j  348.+258.j  808.+623.j]
  [-246.-682.j -360.-506.j  289. +32.j  745.+588.j]
  [-239.-626.j -532.-669.j  198.-180.j  686.+503.j]]]",0.52,1.2,EMPTY,FINDING THRESHOLD,BOX ON BOX ON THE FLOOR,0001
"[[[ 1.291e+03+1367.j  7.290e+02+1489.j -6.220e+02 -823.j
   -7.390e+02-1218.j]
  [ 1.421e+03+1562.j  8.260e+02+1780.j -3.120e+02 -501.j
   -4.980e+02 -755.j]
  [ 1.491e+03+1659.j  8.320e+02+1858.j  2.800e+01  -72.j
   -1.990e+02 -178.j]
  ...
  [-1.970e+02 -109.j -4.570e+02 -531.j  2.300e+01 -325.j
    1.250e+02  +32.j]
  [-2.030e+02 -101.j -4.410e+02 -548.j -4.500e+01 -367.j
   -1.700e+01 -112.j]
  [-1.190e+02 -105.j -4.200e+02 -470.j -3.300e+01 -405.j
   -1.230e+02 -228.j]]

 [[ 1.286e+03+1385.j  7.230e+02+1509.j -6.380e+02 -827.j
   -7.460e+02-1229.j]
  [ 1.450e+03+1574.j  8.360e+02+1794.j -3.490e+02 -498.j
   -4.920e+02 -745.j]
  [ 1.501e+03+1646.j  8.250e+02+1865.j  4.200e+01  -91.j
   -1.880e+02 -176.j]
  ...
  [-1.990e+02 -107.j -4.600e+02 -538.j  2.000e+00 -332.j
    1.230e+02   +2.j]
  [-1.840e+02  -95.j -4.470e+02 -506.j -4.400e+01 -365.j
   -1.000e+01 -124.j]
  [-1.320e+02 -113.j -4.020e+02 -474.j -2.900e+01 -411.j
   -1.220e+02 -237.j]]

 [[ 1.297e+03+1391.j  7.060e+02+1487.j -6.070e+02 -836.j
   -7.510e+02-1225.j]
  [ 1.428e+03+1562.j  8.200e+02+1799.j -3.180e+02 -482.j
   -4.840e+02 -744.j]
  [ 1.482e+03+1649.j  8.360e+02+1865.j  3.200e+01  -79.j
   -2.020e+02 -186.j]
  ...
  [-1.900e+02 -133.j -4.670e+02 -521.j -2.000e+00 -308.j
    1.220e+02   -6.j]
  [-1.910e+02 -123.j -4.460e+02 -523.j -4.900e+01 -346.j
   -5.000e+00 -127.j]
  [-1.220e+02  -99.j -4.020e+02 -490.j -3.600e+01 -420.j
   -1.180e+02 -233.j]]

 ...

 [[ 1.286e+03+1375.j  7.230e+02+1499.j -6.350e+02 -808.j
   -7.450e+02-1220.j]
  [ 1.426e+03+1562.j  8.280e+02+1789.j -3.300e+02 -499.j
   -4.920e+02 -764.j]
  [ 1.488e+03+1637.j  8.280e+02+1878.j  1.900e+01  -96.j
   -1.820e+02 -163.j]
  ...
  [-1.990e+02  -90.j -4.580e+02 -552.j  1.800e+01 -321.j
    1.360e+02  +15.j]
  [-1.830e+02 -112.j -4.360e+02 -530.j -3.400e+01 -346.j
    7.000e+00 -122.j]
  [-1.330e+02 -124.j -3.970e+02 -452.j -2.900e+01 -384.j
   -1.220e+02 -235.j]]

 [[ 1.305e+03+1392.j  7.140e+02+1517.j -6.220e+02 -823.j
   -7.560e+02-1247.j]
  [ 1.433e+03+1571.j  8.350e+02+1773.j -3.110e+02 -490.j
   -4.960e+02 -743.j]
  [ 1.476e+03+1645.j  8.500e+02+1880.j  4.400e+01  -73.j
   -1.980e+02 -192.j]
  ...
  [-1.970e+02 -115.j -4.670e+02 -542.j  1.200e+01 -327.j
    1.170e+02   -5.j]
  [-1.970e+02 -103.j -4.600e+02 -497.j -3.300e+01 -359.j
    2.000e+00 -123.j]
  [-1.220e+02 -104.j -4.020e+02 -446.j -1.900e+01 -399.j
   -1.450e+02 -245.j]]

 [[ 1.313e+03+1397.j  7.300e+02+1532.j -6.240e+02 -814.j
   -7.480e+02-1240.j]
  [ 1.435e+03+1559.j  8.250e+02+1762.j -3.160e+02 -503.j
   -4.900e+02 -751.j]
  [ 1.496e+03+1642.j  8.290e+02+1855.j  4.000e+01  -86.j
   -1.950e+02 -156.j]
  ...
  [-2.160e+02  -96.j -4.670e+02 -535.j  1.100e+01 -318.j
    1.440e+02   -8.j]
  [-1.920e+02 -121.j -4.530e+02 -520.j -3.400e+01 -341.j
   -1.000e+00 -130.j]
  [-1.440e+02 -106.j -4.070e+02 -452.j -1.600e+01 -390.j
   -1.270e+02 -265.j]]]",0.52,1.2,EMPTY,FINDING THRESHOLD,BOX ON BOX ON THE FLOOR,0001
"[[[-2430.-1272.j -1908.-1544.j  -155. -241.j    71.  +37.j]
  [-2200.-1095.j -1818.-1318.j  -749. -642.j  -393. -332.j]
  [-1869. -781.j -1609.-1004.j -1251. -951.j  -787. -625.j]
  ...
  [ -547.  -11.j  -762. -603.j    40. -228.j     3. -151.j]
  [ -525.  -51.j  -681. -534.j  -109. -253.j  -179. -243.j]
  [ -492. -129.j  -520. -415.j  -220. -330.j  -308. -339.j]]

 [[-2429.-1265.j -1902.-1519.j  -157. -244.j    60.  +28.j]
  [-2218.-1077.j -1800.-1326.j  -760. -633.j  -404. -337.j]
  [-1876. -782.j -1627.-1030.j -1227. -938.j  -784. -629.j]
  ...
  [ -554.   -5.j  -786. -606.j    77. -204.j    11. -193.j]
  [ -524.  -39.j  -701. -553.j   -92. -265.j  -154. -301.j]
  [ -491. -113.j  -513. -411.j  -198. -329.j  -311. -335.j]]

 [[-2443.-1272.j -1899.-1518.j  -143. -235.j    79.  +27.j]
  [-2226.-1094.j -1806.-1307.j  -752. -625.j  -394. -341.j]
  [-1885. -788.j -1638.-1025.j -1215. -914.j  -782. -619.j]
  ...
  [ -565.   -6.j  -762. -636.j    66. -198.j    31. -183.j]
  [ -541.  -56.j  -709. -550.j  -101. -260.j  -150. -290.j]
  [ -507. -104.j  -534. -428.j  -208. -316.j  -315. -338.j]]

 ...

 [[-2443.-1284.j -1915.-1525.j  -122. -239.j    71.  +56.j]
  [-2216.-1090.j -1816.-1315.j  -744. -635.j  -397. -340.j]
  [-1880. -790.j -1638.-1006.j -1225. -911.j  -789. -621.j]
  ...
  [ -536.  -35.j  -776. -607.j    62. -205.j    13. -166.j]
  [ -536.  -67.j  -670. -510.j   -89. -273.j  -173. -244.j]
  [ -499. -129.j  -512. -402.j  -191. -309.j  -330. -307.j]]

 [[-2436.-1274.j -1906.-1516.j  -133. -235.j    67.  +52.j]
  [-2216.-1097.j -1820.-1323.j  -731. -601.j  -372. -331.j]
  [-1877. -800.j -1642.-1043.j -1209. -912.j  -780. -627.j]
  ...
  [ -561.  -13.j  -789. -629.j    89. -213.j    40. -168.j]
  [ -560.  -61.j  -703. -564.j   -79. -254.j  -162. -276.j]
  [ -516. -117.j  -535. -403.j  -195. -328.j  -333. -328.j]]

 [[-2448.-1297.j -1893.-1530.j  -114. -211.j    93.  +38.j]
  [-2223.-1093.j -1819.-1322.j  -743. -624.j  -391. -328.j]
  [-1893. -799.j -1648.-1018.j -1198. -913.j  -776. -626.j]
  ...
  [ -542.   -2.j  -772. -625.j    84. -214.j    21. -181.j]
  [ -544.  -68.j  -708. -539.j   -72. -269.j  -170. -263.j]
  [ -499. -116.j  -538. -413.j  -178. -312.j  -309. -336.j]]]",0.52,1.2,EMPTY,FINDING THRESHOLD,BOX ON BOX ON THE FLOOR,0001
"[[[-1616.-1256.j -1680.-1975.j   385. +224.j   254. +532.j]
  [-1674.-1237.j -1695.-1990.j     3. -116.j  -148.  +88.j]
  [-1563.-1131.j -1579.-1873.j  -423. -466.j  -507. -370.j]
  ...
  [  484. +693.j   487. +145.j   499. +437.j   417. +506.j]
  [  353. +465.j   443.  +40.j   589. +601.j   536. +572.j]
  [  196. +173.j   343. -122.j   702. +662.j   586. +596.j]]

 [[-1608.-1257.j -1693.-1969.j   391. +224.j   263. +521.j]
  [-1675.-1235.j -1675.-1964.j    25. -114.j  -126. +110.j]
  [-1545.-1136.j -1590.-1871.j  -418. -473.j  -502. -360.j]
  ...
  [  486. +710.j   485. +150.j   504. +438.j   412. +533.j]
  [  334. +449.j   448.  +34.j   584. +588.j   520. +609.j]
  [  217. +193.j   338. -132.j   697. +645.j   581. +615.j]]

 [[-1613.-1262.j -1697.-1987.j   402. +213.j   261. +552.j]
  [-1667.-1238.j -1686.-1963.j     6. -119.j  -122. +106.j]
  [-1569.-1149.j -1615.-1905.j  -426. -480.j  -506. -360.j]
  ...
  [  479. +698.j   471. +146.j   492. +443.j   402. +521.j]
  [  341. +457.j   427.  +43.j   592. +595.j   516. +589.j]
  [  213. +197.j   347. -112.j   693. +637.j   610. +608.j]]

 ...

 [[-1617.-1248.j -1686.-1972.j   383. +232.j   265. +561.j]
  [-1676.-1244.j -1671.-1948.j    20. -103.j  -122. +107.j]
  [-1573.-1144.j -1606.-1887.j  -407. -442.j  -499. -363.j]
  ...
  [  487. +710.j   494. +168.j   483. +430.j   412. +508.j]
  [  346. +452.j   433.  +61.j   581. +587.j   514. +617.j]
  [  219. +195.j   350.  -83.j   695. +654.j   597. +614.j]]

 [[-1611.-1249.j -1705.-1958.j   398. +239.j   269. +566.j]
  [-1658.-1257.j -1690.-1972.j    16.  -84.j  -128. +128.j]
  [-1572.-1141.j -1602.-1901.j  -406. -444.j  -515. -354.j]
  ...
  [  498. +702.j   476. +139.j   480. +423.j   411. +507.j]
  [  361. +468.j   436.  +41.j   568. +590.j   519. +575.j]
  [  214. +203.j   344.  -98.j   696. +666.j   575. +598.j]]

 [[-1609.-1239.j -1676.-1963.j   407. +241.j   287. +567.j]
  [-1660.-1238.j -1677.-1983.j    37. -100.j  -109. +102.j]
  [-1572.-1142.j -1606.-1882.j  -392. -457.j  -499. -364.j]
  ...
  [  487. +681.j   482. +168.j   473. +438.j   399. +522.j]
  [  362. +467.j   452.  +31.j   585. +582.j   499. +611.j]
  [  217. +222.j   352.  -92.j   698. +649.j   591. +610.j]]]",0.52,1.2,EMPTY,FINDING THRESHOLD,BOX ON BOX ON THE FLOOR,0001
"[[[ 198. +333.j  446. +402.j 1408.+1170.j 1051.+1765.j]
  [ -78. +108.j  229.  +17.j 1403.+1197.j 1147.+1820.j]
  [-351. -144.j  -37. -413.j 1262.+1173.j 1208.+1781.j]
  ...
  [ 348. +730.j  521. +573.j  446.  -83.j  289. -209.j]
  [ 226. +686.j  507. +588.j  479.  +26.j  420.  -73.j]
  [ 107. +608.j  422. +562.j  468. +208.j  536.  +39.j]]

 [[ 203. +333.j  447. +397.j 1399.+1157.j 1044.+1767.j]
  [ -82. +111.j  222.  +11.j 1382.+1216.j 1184.+1825.j]
  [-346. -166.j  -36. -402.j 1258.+1175.j 1209.+1784.j]
  ...
  [ 351. +728.j  536. +551.j  441.  -92.j  273. -173.j]
  [ 219. +669.j  525. +605.j  455.  +65.j  419.  -84.j]
  [ 124. +585.j  423. +563.j  450. +194.j  507.  +76.j]]

 [[ 188. +350.j  421. +395.j 1417.+1141.j 1036.+1764.j]
  [ -69. +105.j  247.  +17.j 1387.+1199.j 1136.+1810.j]
  [-333. -165.j  -49. -381.j 1228.+1153.j 1199.+1760.j]
  ...
  [ 335. +731.j  544. +555.j  426. -105.j  277. -192.j]
  [ 222. +689.j  510. +601.j  462.  +50.j  404.  -97.j]
  [ 124. +582.j  416. +591.j  469. +214.j  526.  +53.j]]

 ...

 [[ 221. +350.j  468. +410.j 1410.+1153.j 1050.+1760.j]
  [ -69. +132.j  243.  +13.j 1391.+1212.j 1142.+1816.j]
  [-330. -145.j  -49. -381.j 1246.+1182.j 1190.+1790.j]
  ...
  [ 364. +735.j  543. +560.j  414.  -99.j  276. -252.j]
  [ 243. +699.j  511. +588.j  484.  +69.j  402.  -92.j]
  [ 113. +587.j  425. +605.j  447. +226.j  528.  +61.j]]

 [[ 217. +346.j  466. +413.j 1397.+1150.j 1042.+1746.j]
  [ -45. +108.j  249.  +43.j 1366.+1194.j 1142.+1812.j]
  [-317. -132.j  -46. -375.j 1240.+1176.j 1209.+1768.j]
  ...
  [ 371. +711.j  537. +561.j  429. -100.j  257. -188.j]
  [ 221. +681.j  517. +620.j  448.  +35.j  398.  -57.j]
  [ 128. +579.j  443. +594.j  451. +213.j  509.  +87.j]]

 [[ 224. +351.j  455. +420.j 1404.+1137.j 1050.+1751.j]
  [ -52. +130.j  253.  +39.j 1363.+1197.j 1155.+1834.j]
  [-323. -153.j  -26. -383.j 1252.+1203.j 1223.+1771.j]
  ...
  [ 363. +728.j  530. +566.j  419. -114.j  265. -209.j]
  [ 248. +683.j  532. +634.j  464.  +58.j  387.  -86.j]
  [ 138. +598.j  421. +583.j  455. +218.j  507.  +52.j]]]",0.52,1.2,EMPTY,FINDING THRESHOLD,BOX ON BOX ON THE FLOOR,0001
"[[[  -66. +281.j  -489.  -41.j  -934.-1544.j  -967.-1593.j]
  [  194. +723.j  -310. +374.j  -988.-1464.j -1075.-1632.j]
  [  534.+1144.j   -39. +812.j  -961.-1248.j -1117.-1552.j]
  ...
  [  316. +668.j   246. +364.j  -165. -354.j  -249. -469.j]
  [  348. +691.j   294. +426.j  -155. -264.j  -220. -350.j]
  [  399. +718.j   364. +471.j   -99. -177.j  -196. -267.j]]

 [[  -58. +299.j  -496.  -31.j  -941.-1556.j  -967.-1580.j]
  [  196. +713.j  -336. +330.j  -990.-1473.j -1073.-1630.j]
  [  542.+1143.j   -48. +804.j  -984.-1244.j -1123.-1545.j]
  ...
  [  306. +649.j   234. +384.j  -160. -338.j  -264. -438.j]
  [  338. +678.j   302. +448.j  -178. -284.j  -219. -336.j]
  [  412. +696.j   369. +466.j   -89. -185.j  -211. -250.j]]

 [[  -42. +313.j  -517.  -27.j  -941.-1523.j  -972.-1604.j]
  [  203. +724.j  -333. +349.j -1011.-1457.j -1095.-1621.j]
  [  540.+1137.j   -54. +815.j  -956.-1266.j -1119.-1545.j]
  ...
  [  325. +676.j   248. +371.j  -169. -362.j  -279. -448.j]
  [  331. +683.j   289. +454.j  -171. -281.j  -222. -332.j]
  [  379. +715.j   377. +467.j   -98. -169.j  -205. -273.j]]

 ...

 [[  -64. +295.j  -507.  -72.j  -936.-1534.j  -953.-1599.j]
  [  178. +704.j  -331. +335.j  -999.-1455.j -1080.-1641.j]
  [  531.+1121.j   -48. +794.j  -964.-1254.j -1130.-1541.j]
  ...
  [  308. +650.j   239. +358.j  -167. -343.j  -260. -458.j]
  [  339. +674.j   271. +456.j  -159. -286.j  -222. -318.j]
  [  400. +684.j   371. +480.j  -104. -186.j  -202. -221.j]]

 [[  -79. +281.j  -515.  -59.j  -916.-1523.j  -951.-1585.j]
  [  180. +712.j  -354. +326.j  -995.-1453.j -1080.-1647.j]
  [  516.+1109.j   -79. +764.j  -975.-1258.j -1120.-1550.j]
  ...
  [  304. +658.j   235. +384.j  -171. -327.j  -281. -465.j]
  [  345. +688.j   272. +459.j  -186. -272.j  -223. -352.j]
  [  388. +710.j   365. +487.j   -99. -191.j  -216. -252.j]]

 [[  -78. +280.j  -525.  -70.j  -909.-1524.j  -956.-1572.j]
  [  181. +701.j  -354. +320.j  -996.-1457.j -1065.-1634.j]
  [  504.+1111.j   -69. +772.j  -964.-1259.j -1119.-1534.j]
  ...
  [  315. +662.j   231. +383.j  -149. -332.j  -269. -431.j]
  [  332. +682.j   289. +455.j  -172. -282.j  -225. -346.j]
  [  381. +706.j   366. +483.j   -96. -193.j  -206. -253.j]]]",0.52,1.2,EMPTY,FINDING THRESHOLD,BOX ON BOX ON THE FLOOR,0001
"[[[  35. +285.j  248.+1376.j 2228.+1052.j 1439. +962.j]
  [-496.  +47.j  -98.+1163.j 2099.+1022.j 1423.+1275.j]
  [-918. -164.j -418. +852.j 1803. +972.j 1363.+1566.j]
  ...
  [-350. -322.j  -72. -288.j  490.  -79.j  570. +248.j]
  [-436. -297.j -156. -385.j  339. -253.j  585. +248.j]
  [-486. -190.j -295. -472.j  221. -340.j  594. +156.j]]

 [[  31. +285.j  268.+1378.j 2270.+1068.j 1444. +992.j]
  [-477.  +57.j  -84.+1177.j 2099.+1037.j 1432.+1295.j]
  [-898. -158.j -396. +850.j 1818. +954.j 1373.+1549.j]
  ...
  [-335. -317.j  -86. -298.j  494.  -81.j  574. +238.j]
  [-444. -292.j -170. -370.j  352. -232.j  611. +256.j]
  [-490. -206.j -305. -476.j  191. -358.j  585. +118.j]]

 [[  35. +299.j  272.+1349.j 2257.+1040.j 1430. +958.j]
  [-464.  +64.j -107.+1177.j 2092.+1031.j 1440.+1281.j]
  [-911. -163.j -385. +830.j 1819. +961.j 1342.+1552.j]
  ...
  [-337. -339.j  -83. -287.j  490.  -64.j  566. +257.j]
  [-439. -278.j -143. -348.j  350. -218.j  609. +220.j]
  [-480. -242.j -302. -465.j  176. -342.j  594. +143.j]]

 ...

 [[  50. +328.j  286.+1367.j 2269.+1012.j 1450. +942.j]
  [-456.  +83.j  -76.+1183.j 2093.+1018.j 1426.+1270.j]
  [-907. -154.j -390. +851.j 1823. +957.j 1358.+1551.j]
  ...
  [-324. -322.j  -85. -279.j  528.  -62.j  578. +264.j]
  [-437. -294.j -148. -353.j  353. -227.j  600. +248.j]
  [-490. -226.j -279. -451.j  202. -358.j  583. +151.j]]

 [[  63. +321.j  275.+1356.j 2244.+1028.j 1423. +943.j]
  [-455.  +91.j  -70.+1193.j 2116.+1019.j 1440.+1255.j]
  [-883. -139.j -379. +854.j 1834. +981.j 1362.+1525.j]
  ...
  [-341. -322.j  -76. -269.j  503.  -70.j  558. +249.j]
  [-428. -309.j -154. -357.j  352. -220.j  589. +272.j]
  [-480. -226.j -297. -431.j  212. -342.j  570. +169.j]]

 [[  66. +316.j  277.+1378.j 2247.+1032.j 1422. +928.j]
  [-445.  +75.j  -58.+1193.j 2111.+1027.j 1421.+1226.j]
  [-890. -146.j -374. +859.j 1829. +966.j 1333.+1552.j]
  ...
  [-345. -329.j  -79. -267.j  502.  -71.j  560. +268.j]
  [-440. -276.j -142. -369.j  358. -236.j  602. +232.j]
  [-471. -234.j -307. -442.j  215. -337.j  571. +173.j]]]",0.52,1.2,EMPTY,FINDING THRESHOLD,BOX ON BOX ON THE FLOOR,0001
"[[[ 480.+5.990e+02j  256.+5.370e+02j  -71.-1.133e+03j -642.-1.171e+03j]
  [ 613.+9.760e+02j  447.+9.370e+02j   20.-9.000e+02j -499.-9.240e+02j]
  [ 821.+1.288e+03j  635.+1.306e+03j  248.-5.350e+02j -274.-5.590e+02j]
  ...
  [ 263.+3.010e+02j  282.+3.420e+02j  366.+2.650e+02j  431.+3.200e+02j]
  [ 176.+2.050e+02j  170.+2.490e+02j  441.+2.990e+02j  512.+4.950e+02j]
  [  42.+1.000e+01j   66.+7.500e+01j  468.+2.650e+02j  567.+6.420e+02j]]

 [[ 465.+6.170e+02j  238.+5.300e+02j  -42.-1.141e+03j -646.-1.177e+03j]
  [ 633.+9.870e+02j  472.+9.560e+02j   22.-8.970e+02j -505.-9.400e+02j]
  [ 822.+1.303e+03j  627.+1.320e+03j  269.-5.100e+02j -285.-5.450e+02j]
  ...
  [ 289.+2.770e+02j  275.+3.690e+02j  369.+2.600e+02j  439.+3.480e+02j]
  [ 179.+1.920e+02j  175.+2.430e+02j  444.+2.920e+02j  501.+5.430e+02j]
  [  36.+2.800e+01j   78.+6.900e+01j  422.+2.440e+02j  562.+6.450e+02j]]

 [[ 461.+6.110e+02j  241.+5.520e+02j  -40.-1.127e+03j -633.-1.173e+03j]
  [ 631.+9.880e+02j  464.+9.540e+02j   -7.-8.860e+02j -505.-9.420e+02j]
  [ 813.+1.294e+03j  639.+1.325e+03j  276.-5.080e+02j -266.-5.360e+02j]
  ...
  [ 276.+2.890e+02j  276.+3.550e+02j  385.+2.530e+02j  417.+3.590e+02j]
  [ 188.+1.980e+02j  164.+2.580e+02j  440.+2.930e+02j  522.+5.290e+02j]
  [  58.+1.000e+01j   64.+5.700e+01j  426.+2.320e+02j  571.+6.750e+02j]]

 ...

 [[ 471.+6.230e+02j  251.+5.610e+02j  -60.-1.108e+03j -631.-1.161e+03j]
  [ 637.+9.940e+02j  454.+9.650e+02j   30.-8.920e+02j -486.-9.270e+02j]
  [ 804.+1.311e+03j  641.+1.321e+03j  270.-5.090e+02j -263.-5.070e+02j]
  ...
  [ 281.+3.060e+02j  270.+3.310e+02j  379.+2.690e+02j  429.+3.560e+02j]
  [ 170.+1.740e+02j  160.+2.410e+02j  433.+3.080e+02j  534.+5.250e+02j]
  [  39.+1.000e+00j   51.+6.100e+01j  452.+2.490e+02j  557.+6.600e+02j]]

 [[ 464.+6.350e+02j  264.+5.740e+02j  -50.-1.119e+03j -626.-1.164e+03j]
  [ 614.+1.020e+03j  477.+9.650e+02j   13.-8.780e+02j -489.-9.150e+02j]
  [ 794.+1.312e+03j  631.+1.326e+03j  273.-4.850e+02j -266.-5.550e+02j]
  ...
  [ 282.+2.930e+02j  258.+3.060e+02j  384.+2.350e+02j  436.+3.330e+02j]
  [ 188.+1.870e+02j  158.+2.400e+02j  454.+3.090e+02j  535.+5.200e+02j]
  [  13.+2.200e+01j   55.+5.200e+01j  441.+2.620e+02j  552.+6.630e+02j]]

 [[ 468.+6.190e+02j  263.+5.440e+02j  -58.-1.118e+03j -633.-1.154e+03j]
  [ 628.+1.003e+03j  460.+9.860e+02j   19.-8.730e+02j -483.-8.970e+02j]
  [ 795.+1.325e+03j  633.+1.334e+03j  268.-4.970e+02j -248.-5.080e+02j]
  ...
  [ 291.+2.660e+02j  260.+3.470e+02j  388.+2.460e+02j  441.+3.730e+02j]
  [ 180.+1.710e+02j  164.+2.350e+02j  442.+3.150e+02j  521.+5.450e+02j]
  [  42.-4.000e+00j   54.+4.600e+01j  457.+2.510e+02j  561.+6.680e+02j]]]",0.52,1.2,EMPTY,FINDING THRESHOLD,BOX ON BOX ON THE FLOOR,0001
